,Title,Score,Comments,Post Url
0,r/ProgrammerHumor Best of 2021 Nominations Thread,78,3,https://www.reddit.com/r/ProgrammerHumor/comments/rqpyb1/rprogrammerhumor_best_of_2021_nominations_thread/
1,Permissions to source code...,17402,339,https://i.redd.it/8r04g5u2ava81.jpg
2,How my typical demo goes,6589,121,https://v.redd.it/2ztmyq7e0wa81
3,Can you fix my <insert device>?,6774,121,https://i.redd.it/tw0ma499gva81.jpg
4,"Every day, every project",675,17,https://i.redd.it/9zsnnx9qsxa81.jpg
5,*Cries in senior salary*,3953,233,https://i.redd.it/x7d3cw8pzua81.jpg
6,ğŸ§ ğ˜¿ğ™šğ™–ğ™™,3296,88,https://i.redd.it/9aa1zr528va81.jpg
7,â€œI just donâ€™t know how Iâ€™m expected to live like this.â€,2400,240,https://i.redd.it/40ylf8hylva81.jpg
8,I prefer the middle one..,607,120,https://i.redd.it/4zwr5j21sxa81.jpg
9,It really do be like that these days,1546,48,https://i.redd.it/sjjfcwc32wa81.jpg
